{ "deployment" :
  {
      "mapping":
      [
          { "task": "T1", "resource": "Processor1" },      
          { "task": "T2", "resource": "Processor2" }
      ]
  },
  "calibration":
  {
      "ExecutionProfiles":
      [
          { "task": "T1", "resourceType": "Processor",     "execTime": -0.01 },   
          { "task": "T1", "resourceType": "FastProcessor", "execTime":0.001 },   
          { "task": "T2", "resourceType": "Processor",     "execTime":0.01 },   
          { "task": "T2", "resourceType": "FastProcessor", "execTime":0.001}      
      ]
  },
  "other":null,
  "file":false,
  "speed":0.001e-5,
  "context":"city"
}

